{"cameraMode":{"drawMode":0,"name":"Shaded","section":"Shading Mode"},"sceneLighting":false,"audioPlay":false,"sceneViewState":{"showFog":true,"showMaterialUpdate":false,"showSkybox":false,"showFlares":true,"showImageEffects":true,"showParticleSystems":true},"in2DMode":false,"pivot":{"x":-0.021591460332274438,"y":-0.009916900657117367,"z":-0.00012609217083081603},"rotation":{"x":-0.03896057605743408,"y":0.5901497006416321,"z":-0.028532017022371293,"w":-0.8058506846427918},"size":0.08270546048879624,"orthographic":false}